{
  "language": "Solidity",
  "sources": {
    "@openzeppelin/contracts/security/ReentrancyGuard.sol": {
      "content": "// SPDX-License-Identifier: MIT\n// OpenZeppelin Contracts (last updated v4.8.0) (security/ReentrancyGuard.sol)\n\npragma solidity ^0.8.0;\n\n/**\n * @dev Contract module that helps prevent reentrant calls to a function.\n *\n * Inheriting from `ReentrancyGuard` will make the {nonReentrant} modifier\n * available, which can be applied to functions to make sure there are no nested\n * (reentrant) calls to them.\n *\n * Note that because there is a single `nonReentrant` guard, functions marked as\n * `nonReentrant` may not call one another. This can be worked around by making\n * those functions `private`, and then adding `external` `nonReentrant` entry\n * points to them.\n *\n * TIP: If you would like to learn more about reentrancy and alternative ways\n * to protect against it, check out our blog post\n * https://blog.openzeppelin.com/reentrancy-after-istanbul/[Reentrancy After Istanbul].\n */\nabstract contract ReentrancyGuard {\n    // Booleans are more expensive than uint256 or any type that takes up a full\n    // word because each write operation emits an extra SLOAD to first read the\n    // slot's contents, replace the bits taken up by the boolean, and then write\n    // back. This is the compiler's defense against contract upgrades and\n    // pointer aliasing, and it cannot be disabled.\n\n    // The values being non-zero value makes deployment a bit more expensive,\n    // but in exchange the refund on every call to nonReentrant will be lower in\n    // amount. Since refunds are capped to a percentage of the total\n    // transaction's gas, it is best to keep them low in cases like this one, to\n    // increase the likelihood of the full refund coming into effect.\n    uint256 private constant _NOT_ENTERED = 1;\n    uint256 private constant _ENTERED = 2;\n\n    uint256 private _status;\n\n    constructor() {\n        _status = _NOT_ENTERED;\n    }\n\n    /**\n     * @dev Prevents a contract from calling itself, directly or indirectly.\n     * Calling a `nonReentrant` function from another `nonReentrant`\n     * function is not supported. It is possible to prevent this from happening\n     * by making the `nonReentrant` function external, and making it call a\n     * `private` function that does the actual work.\n     */\n    modifier nonReentrant() {\n        _nonReentrantBefore();\n        _;\n        _nonReentrantAfter();\n    }\n\n    function _nonReentrantBefore() private {\n        // On the first call to nonReentrant, _status will be _NOT_ENTERED\n        require(_status != _ENTERED, \"ReentrancyGuard: reentrant call\");\n\n        // Any calls to nonReentrant after this point will fail\n        _status = _ENTERED;\n    }\n\n    function _nonReentrantAfter() private {\n        // By storing the original value once again, a refund is triggered (see\n        // https://eips.ethereum.org/EIPS/eip-2200)\n        _status = _NOT_ENTERED;\n    }\n}\n"
    },
    "contracts/core/EntryPoint.sol": {
      "content": "/**\n ** Account-Abstraction (EIP-4337) singleton EntryPoint implementation.\n ** Only one instance required on each chain.\n **/\n// SPDX-License-Identifier: GPL-3.0\npragma solidity ^0.8.12;\n\n/* solhint-disable avoid-low-level-calls */\n/* solhint-disable no-inline-assembly */\n\nimport \"../interfaces/IAccount.sol\";\nimport \"../interfaces/IPaymaster.sol\";\nimport \"../interfaces/IEntryPoint.sol\";\n\nimport \"../utils/Exec.sol\";\nimport \"./StakeManager.sol\";\nimport \"./SenderCreator.sol\";\nimport \"./Helpers.sol\";\nimport \"./NonceManager.sol\";\nimport \"@openzeppelin/contracts/security/ReentrancyGuard.sol\";\n\ncontract EntryPoint is IEntryPoint, StakeManager, NonceManager, ReentrancyGuard {\n\n    using UserOperationLib for UserOperation;\n\n    SenderCreator private immutable senderCreator = new SenderCreator();\n\n    // internal value used during simulation: need to query aggregator.\n    address private constant SIMULATE_FIND_AGGREGATOR = address(1);\n\n    // marker for inner call revert on out of gas\n    bytes32 private constant INNER_OUT_OF_GAS = hex'deaddead';\n\n    uint256 private constant REVERT_REASON_MAX_LEN = 2048;\n\n    /**\n     * for simulation purposes, validateUserOp (and validatePaymasterUserOp) must return this value\n     * in case of signature failure, instead of revert.\n     */\n    uint256 public constant SIG_VALIDATION_FAILED = 1;\n\n    /**\n     * compensate the caller's beneficiary address with the collected fees of all UserOperations.\n     * @param beneficiary the address to receive the fees\n     * @param amount amount to transfer.\n     */\n    function _compensate(address payable beneficiary, uint256 amount) internal {\n        require(beneficiary != address(0), \"AA90 invalid beneficiary\");\n        (bool success,) = beneficiary.call{value : amount}(\"\");\n        require(success, \"AA91 failed send to beneficiary\");\n    }\n\n    /**\n     * execute a user op\n     * @param opIndex index into the opInfo array\n     * @param userOp the userOp to execute\n     * @param opInfo the opInfo filled by validatePrepayment for this userOp.\n     * @return collected the total amount this userOp paid.\n     */\n    function _executeUserOp(uint256 opIndex, UserOperation calldata userOp, UserOpInfo memory opInfo) private returns (uint256 collected) {\n        uint256 preGas = gasleft();\n        bytes memory context = getMemoryBytesFromOffset(opInfo.contextOffset);\n\n        try this.innerHandleOp(userOp.callData, opInfo, context) returns (uint256 _actualGasCost) {\n            collected = _actualGasCost;\n        } catch {\n            bytes32 innerRevertCode;\n            assembly {\n                returndatacopy(0, 0, 32)\n                innerRevertCode := mload(0)\n            }\n            // handleOps was called with gas limit too low. abort entire bundle.\n            if (innerRevertCode == INNER_OUT_OF_GAS) {\n                //report paymaster, since if it is not deliberately caused by the bundler,\n                // it must be a revert caused by paymaster.\n                revert FailedOp(opIndex, \"AA95 out of gas\");\n            }\n\n            uint256 actualGas = preGas - gasleft() + opInfo.preOpGas;\n            collected = _handlePostOp(opIndex, IPaymaster.PostOpMode.postOpReverted, opInfo, context, actualGas);\n        }\n    }\n\n    /**\n     * Execute a batch of UserOperations.\n     * no signature aggregator is used.\n     * if any account requires an aggregator (that is, it returned an aggregator when\n     * performing simulateValidation), then handleAggregatedOps() must be used instead.\n     * @param ops the operations to execute\n     * @param beneficiary the address to receive the fees\n     */\n    function handleOps(UserOperation[] calldata ops, address payable beneficiary) public nonReentrant {\n\n        uint256 opslen = ops.length;\n        UserOpInfo[] memory opInfos = new UserOpInfo[](opslen);\n\n    unchecked {\n        for (uint256 i = 0; i < opslen; i++) {\n            UserOpInfo memory opInfo = opInfos[i];\n            (uint256 validationData, uint256 pmValidationData) = _validatePrepayment(i, ops[i], opInfo);\n            _validateAccountAndPaymasterValidationData(i, validationData, pmValidationData, address(0));\n        }\n\n        uint256 collected = 0;\n        emit BeforeExecution();\n\n        for (uint256 i = 0; i < opslen; i++) {\n            collected += _executeUserOp(i, ops[i], opInfos[i]);\n        }\n\n        _compensate(beneficiary, collected);\n    } //unchecked\n    }\n\n    /**\n     * Execute a batch of UserOperation with Aggregators\n     * @param opsPerAggregator the operations to execute, grouped by aggregator (or address(0) for no-aggregator accounts)\n     * @param beneficiary the address to receive the fees\n     */\n    function handleAggregatedOps(\n        UserOpsPerAggregator[] calldata opsPerAggregator,\n        address payable beneficiary\n    ) public nonReentrant {\n\n        uint256 opasLen = opsPerAggregator.length;\n        uint256 totalOps = 0;\n        for (uint256 i = 0; i < opasLen; i++) {\n            UserOpsPerAggregator calldata opa = opsPerAggregator[i];\n            UserOperation[] calldata ops = opa.userOps;\n            IAggregator aggregator = opa.aggregator;\n\n            //address(1) is special marker of \"signature error\"\n            require(address(aggregator) != address(1), \"AA96 invalid aggregator\");\n\n            if (address(aggregator) != address(0)) {\n                // solhint-disable-next-line no-empty-blocks\n                try aggregator.validateSignatures(ops, opa.signature) {}\n                catch {\n                    revert SignatureValidationFailed(address(aggregator));\n                }\n            }\n\n            totalOps += ops.length;\n        }\n\n        UserOpInfo[] memory opInfos = new UserOpInfo[](totalOps);\n\n        emit BeforeExecution();\n\n        uint256 opIndex = 0;\n        for (uint256 a = 0; a < opasLen; a++) {\n            UserOpsPerAggregator calldata opa = opsPerAggregator[a];\n            UserOperation[] calldata ops = opa.userOps;\n            IAggregator aggregator = opa.aggregator;\n\n            uint256 opslen = ops.length;\n            for (uint256 i = 0; i < opslen; i++) {\n                UserOpInfo memory opInfo = opInfos[opIndex];\n                (uint256 validationData, uint256 paymasterValidationData) = _validatePrepayment(opIndex, ops[i], opInfo);\n                _validateAccountAndPaymasterValidationData(i, validationData, paymasterValidationData, address(aggregator));\n                opIndex++;\n            }\n        }\n\n        uint256 collected = 0;\n        opIndex = 0;\n        for (uint256 a = 0; a < opasLen; a++) {\n            UserOpsPerAggregator calldata opa = opsPerAggregator[a];\n            emit SignatureAggregatorChanged(address(opa.aggregator));\n            UserOperation[] calldata ops = opa.userOps;\n            uint256 opslen = ops.length;\n\n            for (uint256 i = 0; i < opslen; i++) {\n                collected += _executeUserOp(opIndex, ops[i], opInfos[opIndex]);\n                opIndex++;\n            }\n        }\n        emit SignatureAggregatorChanged(address(0));\n\n        _compensate(beneficiary, collected);\n    }\n\n    /// @inheritdoc IEntryPoint\n    function simulateHandleOp(UserOperation calldata op, address target, bytes calldata targetCallData) external override {\n\n        UserOpInfo memory opInfo;\n        _simulationOnlyValidations(op);\n        (uint256 validationData, uint256 paymasterValidationData) = _validatePrepayment(0, op, opInfo);\n        ValidationData memory data = _intersectTimeRange(validationData, paymasterValidationData);\n\n        numberMarker();\n        uint256 paid = _executeUserOp(0, op, opInfo);\n        numberMarker();\n        bool targetSuccess;\n        bytes memory targetResult;\n        if (target != address(0)) {\n            (targetSuccess, targetResult) = target.call(targetCallData);\n        }\n        revert ExecutionResult(opInfo.preOpGas, paid, data.validAfter, data.validUntil, targetSuccess, targetResult);\n    }\n\n\n    // A memory copy of UserOp static fields only.\n    // Excluding: callData, initCode and signature. Replacing paymasterAndData with paymaster.\n    struct MemoryUserOp {\n        address sender;\n        uint256 nonce;\n        uint256 callGasLimit;\n        uint256 verificationGasLimit;\n        uint256 preVerificationGas;\n        address paymaster;\n        uint256 maxFeePerGas;\n        uint256 maxPriorityFeePerGas;\n    }\n\n    struct UserOpInfo {\n        MemoryUserOp mUserOp;\n        bytes32 userOpHash;\n        uint256 prefund;\n        uint256 contextOffset;\n        uint256 preOpGas;\n    }\n\n    /**\n     * inner function to handle a UserOperation.\n     * Must be declared \"external\" to open a call context, but it can only be called by handleOps.\n     */\n    function innerHandleOp(bytes memory callData, UserOpInfo memory opInfo, bytes calldata context) external returns (uint256 actualGasCost) {\n        uint256 preGas = gasleft();\n        require(msg.sender == address(this), \"AA92 internal call only\");\n        MemoryUserOp memory mUserOp = opInfo.mUserOp;\n\n        uint callGasLimit = mUserOp.callGasLimit;\n    unchecked {\n        // handleOps was called with gas limit too low. abort entire bundle.\n        if (gasleft() < callGasLimit + mUserOp.verificationGasLimit + 5000) {\n            assembly {\n                mstore(0, INNER_OUT_OF_GAS)\n                revert(0, 32)\n            }\n        }\n    }\n\n        IPaymaster.PostOpMode mode = IPaymaster.PostOpMode.opSucceeded;\n        if (callData.length > 0) {\n            bool success = Exec.call(mUserOp.sender, 0, callData, callGasLimit);\n            if (!success) {\n                bytes memory result = Exec.getReturnData(REVERT_REASON_MAX_LEN);\n                if (result.length > 0) {\n                    emit UserOperationRevertReason(opInfo.userOpHash, mUserOp.sender, mUserOp.nonce, result);\n                }\n                mode = IPaymaster.PostOpMode.opReverted;\n            }\n        }\n\n    unchecked {\n        uint256 actualGas = preGas - gasleft() + opInfo.preOpGas;\n        //note: opIndex is ignored (relevant only if mode==postOpReverted, which is only possible outside of innerHandleOp)\n        return _handlePostOp(0, mode, opInfo, context, actualGas);\n    }\n    }\n\n    /**\n     * generate a request Id - unique identifier for this request.\n     * the request ID is a hash over the content of the userOp (except the signature), the entrypoint and the chainid.\n     */\n    function getUserOpHash(UserOperation calldata userOp) public view returns (bytes32) {\n        return keccak256(abi.encode(userOp.hash(), address(this), block.chainid));\n    }\n\n    /**\n     * copy general fields from userOp into the memory opInfo structure.\n     */\n    function _copyUserOpToMemory(UserOperation calldata userOp, MemoryUserOp memory mUserOp) internal pure {\n        mUserOp.sender = userOp.sender;\n        mUserOp.nonce = userOp.nonce;\n        mUserOp.callGasLimit = userOp.callGasLimit;\n        mUserOp.verificationGasLimit = userOp.verificationGasLimit;\n        mUserOp.preVerificationGas = userOp.preVerificationGas;\n        mUserOp.maxFeePerGas = userOp.maxFeePerGas;\n        mUserOp.maxPriorityFeePerGas = userOp.maxPriorityFeePerGas;\n        bytes calldata paymasterAndData = userOp.paymasterAndData;\n        if (paymasterAndData.length > 0) {\n            require(paymasterAndData.length >= 20, \"AA93 invalid paymasterAndData\");\n            mUserOp.paymaster = address(bytes20(paymasterAndData[: 20]));\n        } else {\n            mUserOp.paymaster = address(0);\n        }\n    }\n\n    /**\n     * Simulate a call to account.validateUserOp and paymaster.validatePaymasterUserOp.\n     * @dev this method always revert. Successful result is ValidationResult error. other errors are failures.\n     * @dev The node must also verify it doesn't use banned opcodes, and that it doesn't reference storage outside the account's data.\n     * @param userOp the user operation to validate.\n     */\n    function simulateValidation(UserOperation calldata userOp) external {\n        UserOpInfo memory outOpInfo;\n\n        _simulationOnlyValidations(userOp);\n        (uint256 validationData, uint256 paymasterValidationData) = _validatePrepayment(0, userOp, outOpInfo);\n        StakeInfo memory paymasterInfo = _getStakeInfo(outOpInfo.mUserOp.paymaster);\n        StakeInfo memory senderInfo = _getStakeInfo(outOpInfo.mUserOp.sender);\n        StakeInfo memory factoryInfo;\n        {\n            bytes calldata initCode = userOp.initCode;\n            address factory = initCode.length >= 20 ? address(bytes20(initCode[0 : 20])) : address(0);\n            factoryInfo = _getStakeInfo(factory);\n        }\n\n        ValidationData memory data = _intersectTimeRange(validationData, paymasterValidationData);\n        address aggregator = data.aggregator;\n        bool sigFailed = aggregator == address(1);\n        ReturnInfo memory returnInfo = ReturnInfo(outOpInfo.preOpGas, outOpInfo.prefund,\n            sigFailed, data.validAfter, data.validUntil, getMemoryBytesFromOffset(outOpInfo.contextOffset));\n\n        if (aggregator != address(0) && aggregator != address(1)) {\n            AggregatorStakeInfo memory aggregatorInfo = AggregatorStakeInfo(aggregator, _getStakeInfo(aggregator));\n            revert ValidationResultWithAggregation(returnInfo, senderInfo, factoryInfo, paymasterInfo, aggregatorInfo);\n        }\n        revert ValidationResult(returnInfo, senderInfo, factoryInfo, paymasterInfo);\n\n    }\n\n    function _getRequiredPrefund(MemoryUserOp memory mUserOp) internal pure returns (uint256 requiredPrefund) {\n    unchecked {\n        //when using a Paymaster, the verificationGasLimit is used also to as a limit for the postOp call.\n        // our security model might call postOp eventually twice\n        uint256 mul = mUserOp.paymaster != address(0) ? 3 : 1;\n        uint256 requiredGas = mUserOp.callGasLimit + mUserOp.verificationGasLimit * mul + mUserOp.preVerificationGas;\n\n        requiredPrefund = requiredGas * mUserOp.maxFeePerGas;\n    }\n    }\n\n    // create the sender's contract if needed.\n    function _createSenderIfNeeded(uint256 opIndex, UserOpInfo memory opInfo, bytes calldata initCode) internal {\n        if (initCode.length != 0) {\n            address sender = opInfo.mUserOp.sender;\n            if (sender.code.length != 0) revert FailedOp(opIndex, \"AA10 sender already constructed\");\n            address sender1 = senderCreator.createSender{gas : opInfo.mUserOp.verificationGasLimit}(initCode);\n            if (sender1 == address(0)) revert FailedOp(opIndex, \"AA13 initCode failed or OOG\");\n            if (sender1 != sender) revert FailedOp(opIndex, \"AA14 initCode must return sender\");\n            if (sender1.code.length == 0) revert FailedOp(opIndex, \"AA15 initCode must create sender\");\n            address factory = address(bytes20(initCode[0 : 20]));\n            emit AccountDeployed(opInfo.userOpHash, sender, factory, opInfo.mUserOp.paymaster);\n        }\n    }\n\n    /**\n     * Get counterfactual sender address.\n     *  Calculate the sender contract address that will be generated by the initCode and salt in the UserOperation.\n     * this method always revert, and returns the address in SenderAddressResult error\n     * @param initCode the constructor code to be passed into the UserOperation.\n     */\n    function getSenderAddress(bytes calldata initCode) public {\n        address sender = senderCreator.createSender(initCode);\n        revert SenderAddressResult(sender);\n    }\n\n    function _simulationOnlyValidations(UserOperation calldata userOp) internal view {\n        // solhint-disable-next-line no-empty-blocks\n        try this._validateSenderAndPaymaster(userOp.initCode, userOp.sender, userOp.paymasterAndData) {}\n        catch Error(string memory revertReason) {\n            if (bytes(revertReason).length != 0) {\n                revert FailedOp(0, revertReason);\n            }\n        }\n    }\n\n    /**\n    * Called only during simulation.\n    * This function always reverts to prevent warm/cold storage differentiation in simulation vs execution.\n    */\n    function _validateSenderAndPaymaster(bytes calldata initCode, address sender, bytes calldata paymasterAndData) external view {\n        if (initCode.length == 0 && sender.code.length == 0) {\n            // it would revert anyway. but give a meaningful message\n            revert(\"AA20 account not deployed\");\n        }\n        if (paymasterAndData.length >= 20) {\n            address paymaster = address(bytes20(paymasterAndData[0 : 20]));\n            if (paymaster.code.length == 0) {\n                // it would revert anyway. but give a meaningful message\n                revert(\"AA30 paymaster not deployed\");\n            }\n        }\n        // always revert\n        revert(\"\");\n    }\n\n    /**\n     * call account.validateUserOp.\n     * revert (with FailedOp) in case validateUserOp reverts, or account didn't send required prefund.\n     * decrement account's deposit if needed\n     */\n    function _validateAccountPrepayment(uint256 opIndex, UserOperation calldata op, UserOpInfo memory opInfo, uint256 requiredPrefund)\n    internal returns (uint256 gasUsedByValidateAccountPrepayment, uint256 validationData) {\n    unchecked {\n        uint256 preGas = gasleft();\n        MemoryUserOp memory mUserOp = opInfo.mUserOp;\n        address sender = mUserOp.sender;\n        _createSenderIfNeeded(opIndex, opInfo, op.initCode);\n        address paymaster = mUserOp.paymaster;\n        numberMarker();\n        uint256 missingAccountFunds = 0;\n        if (paymaster == address(0)) {\n            uint256 bal = balanceOf(sender);\n            missingAccountFunds = bal > requiredPrefund ? 0 : requiredPrefund - bal;\n        }\n        try IAccount(sender).validateUserOp{gas : mUserOp.verificationGasLimit}(op, opInfo.userOpHash, missingAccountFunds)\n        returns (uint256 _validationData) {\n            validationData = _validationData;\n        } catch Error(string memory revertReason) {\n            revert FailedOp(opIndex, string.concat(\"AA23 reverted: \", revertReason));\n        } catch {\n            revert FailedOp(opIndex, \"AA23 reverted (or OOG)\");\n        }\n        if (paymaster == address(0)) {\n            DepositInfo storage senderInfo = deposits[sender];\n            uint256 deposit = senderInfo.deposit;\n            if (requiredPrefund > deposit) {\n                revert FailedOp(opIndex, \"AA21 didn't pay prefund\");\n            }\n            senderInfo.deposit = uint112(deposit - requiredPrefund);\n        }\n        gasUsedByValidateAccountPrepayment = preGas - gasleft();\n    }\n    }\n\n    /**\n     * In case the request has a paymaster:\n     * Validate paymaster has enough deposit.\n     * Call paymaster.validatePaymasterUserOp.\n     * Revert with proper FailedOp in case paymaster reverts.\n     * Decrement paymaster's deposit\n     */\n    function _validatePaymasterPrepayment(uint256 opIndex, UserOperation calldata op, UserOpInfo memory opInfo, uint256 requiredPreFund, uint256 gasUsedByValidateAccountPrepayment)\n    internal returns (bytes memory context, uint256 validationData) {\n    unchecked {\n        MemoryUserOp memory mUserOp = opInfo.mUserOp;\n        uint256 verificationGasLimit = mUserOp.verificationGasLimit;\n        require(verificationGasLimit > gasUsedByValidateAccountPrepayment, \"AA41 too little verificationGas\");\n        uint256 gas = verificationGasLimit - gasUsedByValidateAccountPrepayment;\n\n        address paymaster = mUserOp.paymaster;\n        DepositInfo storage paymasterInfo = deposits[paymaster];\n        uint256 deposit = paymasterInfo.deposit;\n        if (deposit < requiredPreFund) {\n            revert FailedOp(opIndex, \"AA31 paymaster deposit too low\");\n        }\n        paymasterInfo.deposit = uint112(deposit - requiredPreFund);\n        try IPaymaster(paymaster).validatePaymasterUserOp{gas : gas}(op, opInfo.userOpHash, requiredPreFund) returns (bytes memory _context, uint256 _validationData){\n            context = _context;\n            validationData = _validationData;\n        } catch Error(string memory revertReason) {\n            revert FailedOp(opIndex, string.concat(\"AA33 reverted: \", revertReason));\n        } catch {\n            revert FailedOp(opIndex, \"AA33 reverted (or OOG)\");\n        }\n    }\n    }\n\n    /**\n     * revert if either account validationData or paymaster validationData is expired\n     */\n    function _validateAccountAndPaymasterValidationData(uint256 opIndex, uint256 validationData, uint256 paymasterValidationData, address expectedAggregator) internal view {\n        (address aggregator, bool outOfTimeRange) = _getValidationData(validationData);\n        if (expectedAggregator != aggregator) {\n            revert FailedOp(opIndex, \"AA24 signature error\");\n        }\n        if (outOfTimeRange) {\n            revert FailedOp(opIndex, \"AA22 expired or not due\");\n        }\n        //pmAggregator is not a real signature aggregator: we don't have logic to handle it as address.\n        // non-zero address means that the paymaster fails due to some signature check (which is ok only during estimation)\n        address pmAggregator;\n        (pmAggregator, outOfTimeRange) = _getValidationData(paymasterValidationData);\n        if (pmAggregator != address(0)) {\n            revert FailedOp(opIndex, \"AA34 signature error\");\n        }\n        if (outOfTimeRange) {\n            revert FailedOp(opIndex, \"AA32 paymaster expired or not due\");\n        }\n    }\n\n    function _getValidationData(uint256 validationData) internal view returns (address aggregator, bool outOfTimeRange) {\n        if (validationData == 0) {\n            return (address(0), false);\n        }\n        ValidationData memory data = _parseValidationData(validationData);\n        // solhint-disable-next-line not-rely-on-time\n        outOfTimeRange = block.timestamp > data.validUntil || block.timestamp < data.validAfter;\n        aggregator = data.aggregator;\n    }\n\n    /**\n     * validate account and paymaster (if defined).\n     * also make sure total validation doesn't exceed verificationGasLimit\n     * this method is called off-chain (simulateValidation()) and on-chain (from handleOps)\n     * @param opIndex the index of this userOp into the \"opInfos\" array\n     * @param userOp the userOp to validate\n     */\n    function _validatePrepayment(uint256 opIndex, UserOperation calldata userOp, UserOpInfo memory outOpInfo)\n    private returns (uint256 validationData, uint256 paymasterValidationData) {\n\n        uint256 preGas = gasleft();\n        MemoryUserOp memory mUserOp = outOpInfo.mUserOp;\n        _copyUserOpToMemory(userOp, mUserOp);\n        outOpInfo.userOpHash = getUserOpHash(userOp);\n\n        // validate all numeric values in userOp are well below 128 bit, so they can safely be added\n        // and multiplied without causing overflow\n        uint256 maxGasValues = mUserOp.preVerificationGas | mUserOp.verificationGasLimit | mUserOp.callGasLimit |\n        userOp.maxFeePerGas | userOp.maxPriorityFeePerGas;\n        require(maxGasValues <= type(uint120).max, \"AA94 gas values overflow\");\n\n        uint256 gasUsedByValidateAccountPrepayment;\n        (uint256 requiredPreFund) = _getRequiredPrefund(mUserOp);\n        (gasUsedByValidateAccountPrepayment, validationData) = _validateAccountPrepayment(opIndex, userOp, outOpInfo, requiredPreFund);\n\n        if (!_validateAndUpdateNonce(mUserOp.sender, mUserOp.nonce)) {\n            revert FailedOp(opIndex, \"AA25 invalid account nonce\");\n        }\n\n        //a \"marker\" where account opcode validation is done and paymaster opcode validation is about to start\n        // (used only by off-chain simulateValidation)\n        numberMarker();\n\n        bytes memory context;\n        if (mUserOp.paymaster != address(0)) {\n            (context, paymasterValidationData) = _validatePaymasterPrepayment(opIndex, userOp, outOpInfo, requiredPreFund, gasUsedByValidateAccountPrepayment);\n        }\n    unchecked {\n        uint256 gasUsed = preGas - gasleft();\n\n        if (userOp.verificationGasLimit < gasUsed) {\n            revert FailedOp(opIndex, \"AA40 over verificationGasLimit\");\n        }\n        outOpInfo.prefund = requiredPreFund;\n        outOpInfo.contextOffset = getOffsetOfMemoryBytes(context);\n        outOpInfo.preOpGas = preGas - gasleft() + userOp.preVerificationGas;\n    }\n    }\n\n    /**\n     * process post-operation.\n     * called just after the callData is executed.\n     * if a paymaster is defined and its validation returned a non-empty context, its postOp is called.\n     * the excess amount is refunded to the account (or paymaster - if it was used in the request)\n     * @param opIndex index in the batch\n     * @param mode - whether is called from innerHandleOp, or outside (postOpReverted)\n     * @param opInfo userOp fields and info collected during validation\n     * @param context the context returned in validatePaymasterUserOp\n     * @param actualGas the gas used so far by this user operation\n     */\n    function _handlePostOp(uint256 opIndex, IPaymaster.PostOpMode mode, UserOpInfo memory opInfo, bytes memory context, uint256 actualGas) private returns (uint256 actualGasCost) {\n        uint256 preGas = gasleft();\n    unchecked {\n        address refundAddress;\n        MemoryUserOp memory mUserOp = opInfo.mUserOp;\n        uint256 gasPrice = getUserOpGasPrice(mUserOp);\n\n        address paymaster = mUserOp.paymaster;\n        if (paymaster == address(0)) {\n            refundAddress = mUserOp.sender;\n        } else {\n            refundAddress = paymaster;\n            if (context.length > 0) {\n                actualGasCost = actualGas * gasPrice;\n                if (mode != IPaymaster.PostOpMode.postOpReverted) {\n                    IPaymaster(paymaster).postOp{gas : mUserOp.verificationGasLimit}(mode, context, actualGasCost);\n                } else {\n                    // solhint-disable-next-line no-empty-blocks\n                    try IPaymaster(paymaster).postOp{gas : mUserOp.verificationGasLimit}(mode, context, actualGasCost) {}\n                    catch Error(string memory reason) {\n                        revert FailedOp(opIndex, string.concat(\"AA50 postOp reverted: \", reason));\n                    }\n                    catch {\n                        revert FailedOp(opIndex, \"AA50 postOp revert\");\n                    }\n                }\n            }\n        }\n        actualGas += preGas - gasleft();\n        actualGasCost = actualGas * gasPrice;\n        if (opInfo.prefund < actualGasCost) {\n            revert FailedOp(opIndex, \"AA51 prefund below actualGasCost\");\n        }\n        uint256 refund = opInfo.prefund - actualGasCost;\n        _incrementDeposit(refundAddress, refund);\n        bool success = mode == IPaymaster.PostOpMode.opSucceeded;\n        emit UserOperationEvent(opInfo.userOpHash, mUserOp.sender, mUserOp.paymaster, mUserOp.nonce, success, actualGasCost, actualGas);\n    } // unchecked\n    }\n\n    /**\n     * the gas price this UserOp agrees to pay.\n     * relayer/block builder might submit the TX with higher priorityFee, but the user should not\n     */\n    function getUserOpGasPrice(MemoryUserOp memory mUserOp) internal view returns (uint256) {\n    unchecked {\n        uint256 maxFeePerGas = mUserOp.maxFeePerGas;\n        uint256 maxPriorityFeePerGas = mUserOp.maxPriorityFeePerGas;\n        if (maxFeePerGas == maxPriorityFeePerGas) {\n            //legacy mode (for networks that don't support basefee opcode)\n            return maxFeePerGas;\n        }\n        return min(maxFeePerGas, maxPriorityFeePerGas + block.basefee);\n    }\n    }\n\n    function min(uint256 a, uint256 b) internal pure returns (uint256) {\n        return a < b ? a : b;\n    }\n\n    function getOffsetOfMemoryBytes(bytes memory data) internal pure returns (uint256 offset) {\n        assembly {offset := data}\n    }\n\n    function getMemoryBytesFromOffset(uint256 offset) internal pure returns (bytes memory data) {\n        assembly {data := offset}\n    }\n\n    //place the NUMBER opcode in the code.\n    // this is used as a marker during simulation, as this OP is completely banned from the simulated code of the\n    // account and paymaster.\n    function numberMarker() internal view {\n        assembly {mstore(0, number())}\n    }\n}\n\n"
    },
    "contracts/core/Helpers.sol": {
      "content": "// SPDX-License-Identifier: GPL-3.0\npragma solidity ^0.8.12;\n\n/* solhint-disable no-inline-assembly */\n\n/**\n * returned data from validateUserOp.\n * validateUserOp returns a uint256, with is created by `_packedValidationData` and parsed by `_parseValidationData`\n * @param aggregator - address(0) - the account validated the signature by itself.\n *              address(1) - the account failed to validate the signature.\n *              otherwise - this is an address of a signature aggregator that must be used to validate the signature.\n * @param validAfter - this UserOp is valid only after this timestamp.\n * @param validaUntil - this UserOp is valid only up to this timestamp.\n */\n    struct ValidationData {\n        address aggregator;\n        uint48 validAfter;\n        uint48 validUntil;\n    }\n\n//extract sigFailed, validAfter, validUntil.\n// also convert zero validUntil to type(uint48).max\n    function _parseValidationData(uint validationData) pure returns (ValidationData memory data) {\n        address aggregator = address(uint160(validationData));\n        uint48 validUntil = uint48(validationData >> 160);\n        if (validUntil == 0) {\n            validUntil = type(uint48).max;\n        }\n        uint48 validAfter = uint48(validationData >> (48 + 160));\n        return ValidationData(aggregator, validAfter, validUntil);\n    }\n\n// intersect account and paymaster ranges.\n    function _intersectTimeRange(uint256 validationData, uint256 paymasterValidationData) pure returns (ValidationData memory) {\n        ValidationData memory accountValidationData = _parseValidationData(validationData);\n        ValidationData memory pmValidationData = _parseValidationData(paymasterValidationData);\n        address aggregator = accountValidationData.aggregator;\n        if (aggregator == address(0)) {\n            aggregator = pmValidationData.aggregator;\n        }\n        uint48 validAfter = accountValidationData.validAfter;\n        uint48 validUntil = accountValidationData.validUntil;\n        uint48 pmValidAfter = pmValidationData.validAfter;\n        uint48 pmValidUntil = pmValidationData.validUntil;\n\n        if (validAfter < pmValidAfter) validAfter = pmValidAfter;\n        if (validUntil > pmValidUntil) validUntil = pmValidUntil;\n        return ValidationData(aggregator, validAfter, validUntil);\n    }\n\n/**\n * helper to pack the return value for validateUserOp\n * @param data - the ValidationData to pack\n */\n    function _packValidationData(ValidationData memory data) pure returns (uint256) {\n        return uint160(data.aggregator) | (uint256(data.validUntil) << 160) | (uint256(data.validAfter) << (160 + 48));\n    }\n\n/**\n * helper to pack the return value for validateUserOp, when not using an aggregator\n * @param sigFailed - true for signature failure, false for success\n * @param validUntil last timestamp this UserOperation is valid (or zero for infinite)\n * @param validAfter first timestamp this UserOperation is valid\n */\n    function _packValidationData(bool sigFailed, uint48 validUntil, uint48 validAfter) pure returns (uint256) {\n        return (sigFailed ? 1 : 0) | (uint256(validUntil) << 160) | (uint256(validAfter) << (160 + 48));\n    }\n\n/**\n * keccak function over calldata.\n * @dev copy calldata into memory, do keccak and drop allocated memory. Strangely, this is more efficient than letting solidity do it.\n */\n    function calldataKeccak(bytes calldata data) pure returns (bytes32 ret) {\n        assembly {\n            let mem := mload(0x40)\n            let len := data.length\n            calldatacopy(mem, data.offset, len)\n            ret := keccak256(mem, len)\n        }\n    }\n\n"
    },
    "contracts/core/NonceManager.sol": {
      "content": "// SPDX-License-Identifier: GPL-3.0\npragma solidity ^0.8.12;\n\nimport \"../interfaces/IEntryPoint.sol\";\n\n/**\n * nonce management functionality\n */\ncontract NonceManager is INonceManager {\n\n    /**\n     * The next valid sequence number for a given nonce key.\n     */\n    mapping(address => mapping(uint192 => uint256)) public nonceSequenceNumber;\n\n    function getNonce(address sender, uint192 key)\n    public view override returns (uint256 nonce) {\n        return nonceSequenceNumber[sender][key] | (uint256(key) << 64);\n    }\n\n    // allow an account to manually increment its own nonce.\n    // (mainly so that during construction nonce can be made non-zero,\n    // to \"absorb\" the gas cost of first nonce increment to 1st transaction (construction),\n    // not to 2nd transaction)\n    function incrementNonce(uint192 key) public override {\n        nonceSequenceNumber[msg.sender][key]++;\n    }\n\n    /**\n     * validate nonce uniqueness for this account.\n     * called just after validateUserOp()\n     */\n    function _validateAndUpdateNonce(address sender, uint256 nonce) internal returns (bool) {\n\n        uint192 key = uint192(nonce >> 64);\n        uint64 seq = uint64(nonce);\n        return nonceSequenceNumber[sender][key]++ == seq;\n    }\n\n}\n"
    },
    "contracts/core/SenderCreator.sol": {
      "content": "// SPDX-License-Identifier: GPL-3.0\npragma solidity ^0.8.12;\n\n/**\n * helper contract for EntryPoint, to call userOp.initCode from a \"neutral\" address,\n * which is explicitly not the entryPoint itself.\n */\ncontract SenderCreator {\n\n    /**\n     * call the \"initCode\" factory to create and return the sender account address\n     * @param initCode the initCode value from a UserOp. contains 20 bytes of factory address, followed by calldata\n     * @return sender the returned address of the created account, or zero address on failure.\n     */\n    function createSender(bytes calldata initCode) external returns (address sender) {\n        address factory = address(bytes20(initCode[0 : 20]));\n        bytes memory initCallData = initCode[20 :];\n        bool success;\n        /* solhint-disable no-inline-assembly */\n        assembly {\n            success := call(gas(), factory, 0, add(initCallData, 0x20), mload(initCallData), 0, 32)\n            sender := mload(0)\n        }\n        if (!success) {\n            sender = address(0);\n        }\n    }\n}\n"
    },
    "contracts/core/StakeManager.sol": {
      "content": "// SPDX-License-Identifier: GPL-3.0-only\npragma solidity ^0.8.12;\n\nimport \"../interfaces/IStakeManager.sol\";\n\n/* solhint-disable avoid-low-level-calls */\n/* solhint-disable not-rely-on-time */\n/**\n * manage deposits and stakes.\n * deposit is just a balance used to pay for UserOperations (either by a paymaster or an account)\n * stake is value locked for at least \"unstakeDelay\" by a paymaster.\n */\nabstract contract StakeManager is IStakeManager {\n\n    /// maps paymaster to their deposits and stakes\n    mapping(address => DepositInfo) public deposits;\n\n    /// @inheritdoc IStakeManager\n    function getDepositInfo(address account) public view returns (DepositInfo memory info) {\n        return deposits[account];\n    }\n\n    // internal method to return just the stake info\n    function _getStakeInfo(address addr) internal view returns (StakeInfo memory info) {\n        DepositInfo storage depositInfo = deposits[addr];\n        info.stake = depositInfo.stake;\n        info.unstakeDelaySec = depositInfo.unstakeDelaySec;\n    }\n\n    /// return the deposit (for gas payment) of the account\n    function balanceOf(address account) public view returns (uint256) {\n        return deposits[account].deposit;\n    }\n\n    receive() external payable {\n        depositTo(msg.sender);\n    }\n\n    function _incrementDeposit(address account, uint256 amount) internal {\n        DepositInfo storage info = deposits[account];\n        uint256 newAmount = info.deposit + amount;\n        require(newAmount <= type(uint112).max, \"deposit overflow\");\n        info.deposit = uint112(newAmount);\n    }\n\n    /**\n     * add to the deposit of the given account\n     */\n    function depositTo(address account) public payable {\n        _incrementDeposit(account, msg.value);\n        DepositInfo storage info = deposits[account];\n        emit Deposited(account, info.deposit);\n    }\n\n    /**\n     * add to the account's stake - amount and delay\n     * any pending unstake is first cancelled.\n     * @param unstakeDelaySec the new lock duration before the deposit can be withdrawn.\n     */\n    function addStake(uint32 unstakeDelaySec) public payable {\n        DepositInfo storage info = deposits[msg.sender];\n        require(unstakeDelaySec > 0, \"must specify unstake delay\");\n        require(unstakeDelaySec >= info.unstakeDelaySec, \"cannot decrease unstake time\");\n        uint256 stake = info.stake + msg.value;\n        require(stake > 0, \"no stake specified\");\n        require(stake <= type(uint112).max, \"stake overflow\");\n        deposits[msg.sender] = DepositInfo(\n            info.deposit,\n            true,\n            uint112(stake),\n            unstakeDelaySec,\n            0\n        );\n        emit StakeLocked(msg.sender, stake, unstakeDelaySec);\n    }\n\n    /**\n     * attempt to unlock the stake.\n     * the value can be withdrawn (using withdrawStake) after the unstake delay.\n     */\n    function unlockStake() external {\n        DepositInfo storage info = deposits[msg.sender];\n        require(info.unstakeDelaySec != 0, \"not staked\");\n        require(info.staked, \"already unstaking\");\n        uint48 withdrawTime = uint48(block.timestamp) + info.unstakeDelaySec;\n        info.withdrawTime = withdrawTime;\n        info.staked = false;\n        emit StakeUnlocked(msg.sender, withdrawTime);\n    }\n\n\n    /**\n     * withdraw from the (unlocked) stake.\n     * must first call unlockStake and wait for the unstakeDelay to pass\n     * @param withdrawAddress the address to send withdrawn value.\n     */\n    function withdrawStake(address payable withdrawAddress) external {\n        DepositInfo storage info = deposits[msg.sender];\n        uint256 stake = info.stake;\n        require(stake > 0, \"No stake to withdraw\");\n        require(info.withdrawTime > 0, \"must call unlockStake() first\");\n        require(info.withdrawTime <= block.timestamp, \"Stake withdrawal is not due\");\n        info.unstakeDelaySec = 0;\n        info.withdrawTime = 0;\n        info.stake = 0;\n        emit StakeWithdrawn(msg.sender, withdrawAddress, stake);\n        (bool success,) = withdrawAddress.call{value : stake}(\"\");\n        require(success, \"failed to withdraw stake\");\n    }\n\n    /**\n     * withdraw from the deposit.\n     * @param withdrawAddress the address to send withdrawn value.\n     * @param withdrawAmount the amount to withdraw.\n     */\n    function withdrawTo(address payable withdrawAddress, uint256 withdrawAmount) external {\n        DepositInfo storage info = deposits[msg.sender];\n        require(withdrawAmount <= info.deposit, \"Withdraw amount too large\");\n        info.deposit = uint112(info.deposit - withdrawAmount);\n        emit Withdrawn(msg.sender, withdrawAddress, withdrawAmount);\n        (bool success,) = withdrawAddress.call{value : withdrawAmount}(\"\");\n        require(success, \"failed to withdraw\");\n    }\n}\n"
    },
    "contracts/interfaces/IAccount.sol": {
      "content": "// SPDX-License-Identifier: GPL-3.0\npragma solidity ^0.8.12;\n\nimport \"./UserOperation.sol\";\n\ninterface IAccount {\n\n    /**\n     * Validate user's signature and nonce\n     * the entryPoint will make the call to the recipient only if this validation call returns successfully.\n     * signature failure should be reported by returning SIG_VALIDATION_FAILED (1).\n     * This allows making a \"simulation call\" without a valid signature\n     * Other failures (e.g. nonce mismatch, or invalid signature format) should still revert to signal failure.\n     *\n     * @dev Must validate caller is the entryPoint.\n     *      Must validate the signature and nonce\n     * @param userOp the operation that is about to be executed.\n     * @param userOpHash hash of the user's request data. can be used as the basis for signature.\n     * @param missingAccountFunds missing funds on the account's deposit in the entrypoint.\n     *      This is the minimum amount to transfer to the sender(entryPoint) to be able to make the call.\n     *      The excess is left as a deposit in the entrypoint, for future calls.\n     *      can be withdrawn anytime using \"entryPoint.withdrawTo()\"\n     *      In case there is a paymaster in the request (or the current deposit is high enough), this value will be zero.\n     * @return validationData packaged ValidationData structure. use `_packValidationData` and `_unpackValidationData` to encode and decode\n     *      <20-byte> sigAuthorizer - 0 for valid signature, 1 to mark signature failure,\n     *         otherwise, an address of an \"authorizer\" contract.\n     *      <6-byte> validUntil - last timestamp this operation is valid. 0 for \"indefinite\"\n     *      <6-byte> validAfter - first timestamp this operation is valid\n     *      If an account doesn't use time-range, it is enough to return SIG_VALIDATION_FAILED value (1) for signature failure.\n     *      Note that the validation code cannot use block.timestamp (or block.number) directly.\n     */\n    function validateUserOp(UserOperation calldata userOp, bytes32 userOpHash, uint256 missingAccountFunds)\n    external returns (uint256 validationData);\n}\n"
    },
    "contracts/interfaces/IAggregator.sol": {
      "content": "// SPDX-License-Identifier: GPL-3.0\npragma solidity ^0.8.12;\n\nimport \"./UserOperation.sol\";\n\n/**\n * Aggregated Signatures validator.\n */\ninterface IAggregator {\n\n    /**\n     * validate aggregated signature.\n     * revert if the aggregated signature does not match the given list of operations.\n     */\n    function validateSignatures(UserOperation[] calldata userOps, bytes calldata signature) external view;\n\n    /**\n     * validate signature of a single userOp\n     * This method is should be called by bundler after EntryPoint.simulateValidation() returns (reverts) with ValidationResultWithAggregation\n     * First it validates the signature over the userOp. Then it returns data to be used when creating the handleOps.\n     * @param userOp the userOperation received from the user.\n     * @return sigForUserOp the value to put into the signature field of the userOp when calling handleOps.\n     *    (usually empty, unless account and aggregator support some kind of \"multisig\"\n     */\n    function validateUserOpSignature(UserOperation calldata userOp)\n    external view returns (bytes memory sigForUserOp);\n\n    /**\n     * aggregate multiple signatures into a single value.\n     * This method is called off-chain to calculate the signature to pass with handleOps()\n     * bundler MAY use optimized custom code perform this aggregation\n     * @param userOps array of UserOperations to collect the signatures from.\n     * @return aggregatedSignature the aggregated signature\n     */\n    function aggregateSignatures(UserOperation[] calldata userOps) external view returns (bytes memory aggregatedSignature);\n}\n"
    },
    "contracts/interfaces/IEntryPoint.sol": {
      "content": "/**\n ** Account-Abstraction (EIP-4337) singleton EntryPoint implementation.\n ** Only one instance required on each chain.\n **/\n// SPDX-License-Identifier: GPL-3.0\npragma solidity ^0.8.12;\n\n/* solhint-disable avoid-low-level-calls */\n/* solhint-disable no-inline-assembly */\n/* solhint-disable reason-string */\n\nimport \"./UserOperation.sol\";\nimport \"./IStakeManager.sol\";\nimport \"./IAggregator.sol\";\nimport \"./INonceManager.sol\";\n\ninterface IEntryPoint is IStakeManager, INonceManager {\n\n    /***\n     * An event emitted after each successful request\n     * @param userOpHash - unique identifier for the request (hash its entire content, except signature).\n     * @param sender - the account that generates this request.\n     * @param paymaster - if non-null, the paymaster that pays for this request.\n     * @param nonce - the nonce value from the request.\n     * @param success - true if the sender transaction succeeded, false if reverted.\n     * @param actualGasCost - actual amount paid (by account or paymaster) for this UserOperation.\n     * @param actualGasUsed - total gas used by this UserOperation (including preVerification, creation, validation and execution).\n     */\n    event UserOperationEvent(bytes32 indexed userOpHash, address indexed sender, address indexed paymaster, uint256 nonce, bool success, uint256 actualGasCost, uint256 actualGasUsed);\n\n    /**\n     * account \"sender\" was deployed.\n     * @param userOpHash the userOp that deployed this account. UserOperationEvent will follow.\n     * @param sender the account that is deployed\n     * @param factory the factory used to deploy this account (in the initCode)\n     * @param paymaster the paymaster used by this UserOp\n     */\n    event AccountDeployed(bytes32 indexed userOpHash, address indexed sender, address factory, address paymaster);\n\n    /**\n     * An event emitted if the UserOperation \"callData\" reverted with non-zero length\n     * @param userOpHash the request unique identifier.\n     * @param sender the sender of this request\n     * @param nonce the nonce used in the request\n     * @param revertReason - the return bytes from the (reverted) call to \"callData\".\n     */\n    event UserOperationRevertReason(bytes32 indexed userOpHash, address indexed sender, uint256 nonce, bytes revertReason);\n\n    /**\n     * an event emitted by handleOps(), before starting the execution loop.\n     * any event emitted before this event, is part of the validation.\n     */\n    event BeforeExecution();\n\n    /**\n     * signature aggregator used by the following UserOperationEvents within this bundle.\n     */\n    event SignatureAggregatorChanged(address indexed aggregator);\n\n    /**\n     * a custom revert error of handleOps, to identify the offending op.\n     *  NOTE: if simulateValidation passes successfully, there should be no reason for handleOps to fail on it.\n     *  @param opIndex - index into the array of ops to the failed one (in simulateValidation, this is always zero)\n     *  @param reason - revert reason\n     *      The string starts with a unique code \"AAmn\", where \"m\" is \"1\" for factory, \"2\" for account and \"3\" for paymaster issues,\n     *      so a failure can be attributed to the correct entity.\n     *   Should be caught in off-chain handleOps simulation and not happen on-chain.\n     *   Useful for mitigating DoS attempts against batchers or for troubleshooting of factory/account/paymaster reverts.\n     */\n    error FailedOp(uint256 opIndex, string reason);\n\n    /**\n     * error case when a signature aggregator fails to verify the aggregated signature it had created.\n     */\n    error SignatureValidationFailed(address aggregator);\n\n    /**\n     * Successful result from simulateValidation.\n     * @param returnInfo gas and time-range returned values\n     * @param senderInfo stake information about the sender\n     * @param factoryInfo stake information about the factory (if any)\n     * @param paymasterInfo stake information about the paymaster (if any)\n     */\n    error ValidationResult(ReturnInfo returnInfo,\n        StakeInfo senderInfo, StakeInfo factoryInfo, StakeInfo paymasterInfo);\n\n    /**\n     * Successful result from simulateValidation, if the account returns a signature aggregator\n     * @param returnInfo gas and time-range returned values\n     * @param senderInfo stake information about the sender\n     * @param factoryInfo stake information about the factory (if any)\n     * @param paymasterInfo stake information about the paymaster (if any)\n     * @param aggregatorInfo signature aggregation info (if the account requires signature aggregator)\n     *      bundler MUST use it to verify the signature, or reject the UserOperation\n     */\n    error ValidationResultWithAggregation(ReturnInfo returnInfo,\n        StakeInfo senderInfo, StakeInfo factoryInfo, StakeInfo paymasterInfo,\n        AggregatorStakeInfo aggregatorInfo);\n\n    /**\n     * return value of getSenderAddress\n     */\n    error SenderAddressResult(address sender);\n\n    /**\n     * return value of simulateHandleOp\n     */\n    error ExecutionResult(uint256 preOpGas, uint256 paid, uint48 validAfter, uint48 validUntil, bool targetSuccess, bytes targetResult);\n\n    //UserOps handled, per aggregator\n    struct UserOpsPerAggregator {\n        UserOperation[] userOps;\n\n        // aggregator address\n        IAggregator aggregator;\n        // aggregated signature\n        bytes signature;\n    }\n\n    /**\n     * Execute a batch of UserOperation.\n     * no signature aggregator is used.\n     * if any account requires an aggregator (that is, it returned an aggregator when\n     * performing simulateValidation), then handleAggregatedOps() must be used instead.\n     * @param ops the operations to execute\n     * @param beneficiary the address to receive the fees\n     */\n    function handleOps(UserOperation[] calldata ops, address payable beneficiary) external;\n\n    /**\n     * Execute a batch of UserOperation with Aggregators\n     * @param opsPerAggregator the operations to execute, grouped by aggregator (or address(0) for no-aggregator accounts)\n     * @param beneficiary the address to receive the fees\n     */\n    function handleAggregatedOps(\n        UserOpsPerAggregator[] calldata opsPerAggregator,\n        address payable beneficiary\n    ) external;\n\n    /**\n     * generate a request Id - unique identifier for this request.\n     * the request ID is a hash over the content of the userOp (except the signature), the entrypoint and the chainid.\n     */\n    function getUserOpHash(UserOperation calldata userOp) external view returns (bytes32);\n\n    /**\n     * Simulate a call to account.validateUserOp and paymaster.validatePaymasterUserOp.\n     * @dev this method always revert. Successful result is ValidationResult error. other errors are failures.\n     * @dev The node must also verify it doesn't use banned opcodes, and that it doesn't reference storage outside the account's data.\n     * @param userOp the user operation to validate.\n     */\n    function simulateValidation(UserOperation calldata userOp) external;\n\n    /**\n     * gas and return values during simulation\n     * @param preOpGas the gas used for validation (including preValidationGas)\n     * @param prefund the required prefund for this operation\n     * @param sigFailed validateUserOp's (or paymaster's) signature check failed\n     * @param validAfter - first timestamp this UserOp is valid (merging account and paymaster time-range)\n     * @param validUntil - last timestamp this UserOp is valid (merging account and paymaster time-range)\n     * @param paymasterContext returned by validatePaymasterUserOp (to be passed into postOp)\n     */\n    struct ReturnInfo {\n        uint256 preOpGas;\n        uint256 prefund;\n        bool sigFailed;\n        uint48 validAfter;\n        uint48 validUntil;\n        bytes paymasterContext;\n    }\n\n    /**\n     * returned aggregated signature info.\n     * the aggregator returned by the account, and its current stake.\n     */\n    struct AggregatorStakeInfo {\n        address aggregator;\n        StakeInfo stakeInfo;\n    }\n\n    /**\n     * Get counterfactual sender address.\n     *  Calculate the sender contract address that will be generated by the initCode and salt in the UserOperation.\n     * this method always revert, and returns the address in SenderAddressResult error\n     * @param initCode the constructor code to be passed into the UserOperation.\n     */\n    function getSenderAddress(bytes memory initCode) external;\n\n\n    /**\n     * simulate full execution of a UserOperation (including both validation and target execution)\n     * this method will always revert with \"ExecutionResult\".\n     * it performs full validation of the UserOperation, but ignores signature error.\n     * an optional target address is called after the userop succeeds, and its value is returned\n     * (before the entire call is reverted)\n     * Note that in order to collect the the success/failure of the target call, it must be executed\n     * with trace enabled to track the emitted events.\n     * @param op the UserOperation to simulate\n     * @param target if nonzero, a target address to call after userop simulation. If called, the targetSuccess and targetResult\n     *        are set to the return from that call.\n     * @param targetCallData callData to pass to target address\n     */\n    function simulateHandleOp(UserOperation calldata op, address target, bytes calldata targetCallData) external;\n}\n\n"
    },
    "contracts/interfaces/INonceManager.sol": {
      "content": "// SPDX-License-Identifier: GPL-3.0\npragma solidity ^0.8.12;\n\ninterface INonceManager {\n\n    /**\n     * Return the next nonce for this sender.\n     * Within a given key, the nonce values are sequenced (starting with zero, and incremented by one on each userop)\n     * But UserOp with different keys can come with arbitrary order.\n     *\n     * @param sender the account address\n     * @param key the high 192 bit of the nonce\n     * @return nonce a full nonce to pass for next UserOp with this sender.\n     */\n    function getNonce(address sender, uint192 key)\n    external view returns (uint256 nonce);\n\n    /**\n     * Manually increment the nonce of the sender.\n     * This method is exposed just for completeness..\n     * Account does NOT need to call it, neither during validation, nor elsewhere,\n     * as the EntryPoint will update the nonce regardless.\n     * Possible use-case is call it with various keys to \"initialize\" their nonces to one, so that future\n     * UserOperations will not pay extra for the first transaction with a given key.\n     */\n    function incrementNonce(uint192 key) external;\n}\n"
    },
    "contracts/interfaces/IPaymaster.sol": {
      "content": "// SPDX-License-Identifier: GPL-3.0\npragma solidity ^0.8.12;\n\nimport \"./UserOperation.sol\";\n\n/**\n * the interface exposed by a paymaster contract, who agrees to pay the gas for user's operations.\n * a paymaster must hold a stake to cover the required entrypoint stake and also the gas for the transaction.\n */\ninterface IPaymaster {\n\n    enum PostOpMode {\n        opSucceeded, // user op succeeded\n        opReverted, // user op reverted. still has to pay for gas.\n        postOpReverted //user op succeeded, but caused postOp to revert. Now it's a 2nd call, after user's op was deliberately reverted.\n    }\n\n    /**\n     * payment validation: check if paymaster agrees to pay.\n     * Must verify sender is the entryPoint.\n     * Revert to reject this request.\n     * Note that bundlers will reject this method if it changes the state, unless the paymaster is trusted (whitelisted)\n     * The paymaster pre-pays using its deposit, and receive back a refund after the postOp method returns.\n     * @param userOp the user operation\n     * @param userOpHash hash of the user's request data.\n     * @param maxCost the maximum cost of this transaction (based on maximum gas and gas price from userOp)\n     * @return context value to send to a postOp\n     *      zero length to signify postOp is not required.\n     * @return validationData signature and time-range of this operation, encoded the same as the return value of validateUserOperation\n     *      <20-byte> sigAuthorizer - 0 for valid signature, 1 to mark signature failure,\n     *         otherwise, an address of an \"authorizer\" contract.\n     *      <6-byte> validUntil - last timestamp this operation is valid. 0 for \"indefinite\"\n     *      <6-byte> validAfter - first timestamp this operation is valid\n     *      Note that the validation code cannot use block.timestamp (or block.number) directly.\n     */\n    function validatePaymasterUserOp(UserOperation calldata userOp, bytes32 userOpHash, uint256 maxCost)\n    external returns (bytes memory context, uint256 validationData);\n\n    /**\n     * post-operation handler.\n     * Must verify sender is the entryPoint\n     * @param mode enum with the following options:\n     *      opSucceeded - user operation succeeded.\n     *      opReverted  - user op reverted. still has to pay for gas.\n     *      postOpReverted - user op succeeded, but caused postOp (in mode=opSucceeded) to revert.\n     *                       Now this is the 2nd call, after user's op was deliberately reverted.\n     * @param context - the context value returned by validatePaymasterUserOp\n     * @param actualGasCost - actual gas used so far (without this postOp call).\n     */\n    function postOp(PostOpMode mode, bytes calldata context, uint256 actualGasCost) external;\n}\n"
    },
    "contracts/interfaces/IStakeManager.sol": {
      "content": "// SPDX-License-Identifier: GPL-3.0-only\npragma solidity ^0.8.12;\n\n/**\n * manage deposits and stakes.\n * deposit is just a balance used to pay for UserOperations (either by a paymaster or an account)\n * stake is value locked for at least \"unstakeDelay\" by the staked entity.\n */\ninterface IStakeManager {\n\n    event Deposited(\n        address indexed account,\n        uint256 totalDeposit\n    );\n\n    event Withdrawn(\n        address indexed account,\n        address withdrawAddress,\n        uint256 amount\n    );\n\n    /// Emitted when stake or unstake delay are modified\n    event StakeLocked(\n        address indexed account,\n        uint256 totalStaked,\n        uint256 unstakeDelaySec\n    );\n\n    /// Emitted once a stake is scheduled for withdrawal\n    event StakeUnlocked(\n        address indexed account,\n        uint256 withdrawTime\n    );\n\n    event StakeWithdrawn(\n        address indexed account,\n        address withdrawAddress,\n        uint256 amount\n    );\n\n    /**\n     * @param deposit the entity's deposit\n     * @param staked true if this entity is staked.\n     * @param stake actual amount of ether staked for this entity.\n     * @param unstakeDelaySec minimum delay to withdraw the stake.\n     * @param withdrawTime - first block timestamp where 'withdrawStake' will be callable, or zero if already locked\n     * @dev sizes were chosen so that (deposit,staked, stake) fit into one cell (used during handleOps)\n     *    and the rest fit into a 2nd cell.\n     *    112 bit allows for 10^15 eth\n     *    48 bit for full timestamp\n     *    32 bit allows 150 years for unstake delay\n     */\n    struct DepositInfo {\n        uint112 deposit;\n        bool staked;\n        uint112 stake;\n        uint32 unstakeDelaySec;\n        uint48 withdrawTime;\n    }\n\n    //API struct used by getStakeInfo and simulateValidation\n    struct StakeInfo {\n        uint256 stake;\n        uint256 unstakeDelaySec;\n    }\n\n    /// @return info - full deposit information of given account\n    function getDepositInfo(address account) external view returns (DepositInfo memory info);\n\n    /// @return the deposit (for gas payment) of the account\n    function balanceOf(address account) external view returns (uint256);\n\n    /**\n     * add to the deposit of the given account\n     */\n    function depositTo(address account) external payable;\n\n    /**\n     * add to the account's stake - amount and delay\n     * any pending unstake is first cancelled.\n     * @param _unstakeDelaySec the new lock duration before the deposit can be withdrawn.\n     */\n    function addStake(uint32 _unstakeDelaySec) external payable;\n\n    /**\n     * attempt to unlock the stake.\n     * the value can be withdrawn (using withdrawStake) after the unstake delay.\n     */\n    function unlockStake() external;\n\n    /**\n     * withdraw from the (unlocked) stake.\n     * must first call unlockStake and wait for the unstakeDelay to pass\n     * @param withdrawAddress the address to send withdrawn value.\n     */\n    function withdrawStake(address payable withdrawAddress) external;\n\n    /**\n     * withdraw from the deposit.\n     * @param withdrawAddress the address to send withdrawn value.\n     * @param withdrawAmount the amount to withdraw.\n     */\n    function withdrawTo(address payable withdrawAddress, uint256 withdrawAmount) external;\n}\n"
    },
    "contracts/interfaces/UserOperation.sol": {
      "content": "// SPDX-License-Identifier: GPL-3.0\npragma solidity ^0.8.12;\n\n/* solhint-disable no-inline-assembly */\n\nimport {calldataKeccak} from \"../core/Helpers.sol\";\n\n/**\n * User Operation struct\n * @param sender the sender account of this request.\n     * @param nonce unique value the sender uses to verify it is not a replay.\n     * @param initCode if set, the account contract will be created by this constructor/\n     * @param callData the method call to execute on this account.\n     * @param callGasLimit the gas limit passed to the callData method call.\n     * @param verificationGasLimit gas used for validateUserOp and validatePaymasterUserOp.\n     * @param preVerificationGas gas not calculated by the handleOps method, but added to the gas paid. Covers batch overhead.\n     * @param maxFeePerGas same as EIP-1559 gas parameter.\n     * @param maxPriorityFeePerGas same as EIP-1559 gas parameter.\n     * @param paymasterAndData if set, this field holds the paymaster address and paymaster-specific data. the paymaster will pay for the transaction instead of the sender.\n     * @param signature sender-verified signature over the entire request, the EntryPoint address and the chain ID.\n     */\n    struct UserOperation {\n\n        address sender;\n        uint256 nonce;\n        bytes initCode;\n        bytes callData;\n        uint256 callGasLimit;\n        uint256 verificationGasLimit;\n        uint256 preVerificationGas;\n        uint256 maxFeePerGas;\n        uint256 maxPriorityFeePerGas;\n        bytes paymasterAndData;\n        bytes signature;\n    }\n\n/**\n * Utility functions helpful when working with UserOperation structs.\n */\nlibrary UserOperationLib {\n\n    function getSender(UserOperation calldata userOp) internal pure returns (address) {\n        address data;\n        //read sender from userOp, which is first userOp member (saves 800 gas...)\n        assembly {data := calldataload(userOp)}\n        return address(uint160(data));\n    }\n\n    //relayer/block builder might submit the TX with higher priorityFee, but the user should not\n    // pay above what he signed for.\n    function gasPrice(UserOperation calldata userOp) internal view returns (uint256) {\n    unchecked {\n        uint256 maxFeePerGas = userOp.maxFeePerGas;\n        uint256 maxPriorityFeePerGas = userOp.maxPriorityFeePerGas;\n        if (maxFeePerGas == maxPriorityFeePerGas) {\n            //legacy mode (for networks that don't support basefee opcode)\n            return maxFeePerGas;\n        }\n        return min(maxFeePerGas, maxPriorityFeePerGas + block.basefee);\n    }\n    }\n\n    function pack(UserOperation calldata userOp) internal pure returns (bytes memory ret) {\n        address sender = getSender(userOp);\n        uint256 nonce = userOp.nonce;\n        bytes32 hashInitCode = calldataKeccak(userOp.initCode);\n        bytes32 hashCallData = calldataKeccak(userOp.callData);\n        uint256 callGasLimit = userOp.callGasLimit;\n        uint256 verificationGasLimit = userOp.verificationGasLimit;\n        uint256 preVerificationGas = userOp.preVerificationGas;\n        uint256 maxFeePerGas = userOp.maxFeePerGas;\n        uint256 maxPriorityFeePerGas = userOp.maxPriorityFeePerGas;\n        bytes32 hashPaymasterAndData = calldataKeccak(userOp.paymasterAndData);\n\n        return abi.encode(\n            sender, nonce,\n            hashInitCode, hashCallData,\n            callGasLimit, verificationGasLimit, preVerificationGas,\n            maxFeePerGas, maxPriorityFeePerGas,\n            hashPaymasterAndData\n        );\n    }\n\n    function hash(UserOperation calldata userOp) internal pure returns (bytes32) {\n        return keccak256(pack(userOp));\n    }\n\n    function min(uint256 a, uint256 b) internal pure returns (uint256) {\n        return a < b ? a : b;\n    }\n}\n"
    },
    "contracts/utils/Exec.sol": {
      "content": "// SPDX-License-Identifier: LGPL-3.0-only\npragma solidity >=0.7.5 <0.9.0;\n\n// solhint-disable no-inline-assembly\n\n/**\n * Utility functions helpful when making different kinds of contract calls in Solidity.\n */\nlibrary Exec {\n\n    function call(\n        address to,\n        uint256 value,\n        bytes memory data,\n        uint256 txGas\n    ) internal returns (bool success) {\n        assembly {\n            success := call(txGas, to, value, add(data, 0x20), mload(data), 0, 0)\n        }\n    }\n\n    function staticcall(\n        address to,\n        bytes memory data,\n        uint256 txGas\n    ) internal view returns (bool success) {\n        assembly {\n            success := staticcall(txGas, to, add(data, 0x20), mload(data), 0, 0)\n        }\n    }\n\n    function delegateCall(\n        address to,\n        bytes memory data,\n        uint256 txGas\n    ) internal returns (bool success) {\n        assembly {\n            success := delegatecall(txGas, to, add(data, 0x20), mload(data), 0, 0)\n        }\n    }\n\n    // get returned data from last call or calldelegate\n    function getReturnData(uint256 maxLen) internal pure returns (bytes memory returnData) {\n        assembly {\n            let len := returndatasize()\n            if gt(len, maxLen) {\n                len := maxLen\n            }\n            let ptr := mload(0x40)\n            mstore(0x40, add(ptr, add(len, 0x20)))\n            mstore(ptr, len)\n            returndatacopy(add(ptr, 0x20), 0, len)\n            returnData := ptr\n        }\n    }\n\n    // revert with explicit byte array (probably reverted info from call)\n    function revertWithData(bytes memory returnData) internal pure {\n        assembly {\n            revert(add(returnData, 32), mload(returnData))\n        }\n    }\n\n    function callAndRevert(address to, bytes memory data, uint256 maxLen) internal {\n        bool success = call(to,0,data,gasleft());\n        if (!success) {\n            revertWithData(getReturnData(maxLen));\n        }\n    }\n}\n"
    }
  },
  "settings": {
    "optimizer": {
      "enabled": true,
      "runs": 1000000
    },
    "viaIR": true,
    "outputSelection": {
      "*": {
        "*": [
          "abi",
          "evm.bytecode",
          "evm.deployedBytecode",
          "evm.methodIdentifiers",
          "metadata"
        ],
        "": [
          "ast"
        ]
      }
    }
  }
}